{
	"AWSEBDockerrunVersion":2,
	"containerDefinitions":[
		{
			"name": "nginx",
			"image": "forestcorgi/e-pal_nginx",
			"hostname": "nginx",
			"essential": true,
			"portMappings": [
				{
					"hostPort": 80,
					"containerPort": 80
				}
			],
			"links": ["client", "backend"],
			"memory": 100
		},
		{
			"name": "client",
			"image": "forestcorgi/e-pal_client",
			"hostname": "client",
			"essential": false,
			"memory": 300
		},
		{
			"name": "backend",
			"image": "forestcorgi/e-pal_backend",
			"hostname": "backend",
			"essential": false,
			"memory": 300
		}
	]
}